LBP_0,LBP_1,LBP_2,LBP_3,LBP_4,LBP_5,LBP_6,LBP_7,LBP_8,LBP_9
0.420184,0.052695,0.052399,0.066891,0.085664,0.062272,0.045067,0.048394,0.028668,0.137766
0.517979,0.049846,0.042892,0.053659,0.071539,0.049135,0.03736,0.042931,0.025209,0.109452
0.505414,0.04625,0.046994,0.062699,0.078144,0.052702,0.038899,0.037844,0.024163,0.106891
0.523845,0.041358,0.045538,0.066808,0.091041,0.05709,0.037513,0.030635,0.017496,0.088677
0.518218,0.039286,0.048052,0.079834,0.105051,0.060642,0.031818,0.028355,0.013835,0.07491
0.340189,0.050097,0.071391,0.134548,0.164953,0.081005,0.036087,0.028877,0.012762,0.080092
0.47596,0.039007,0.058805,0.103451,0.128316,0.068872,0.032121,0.023148,0.010438,0.059882
0.293129,0.047515,0.062865,0.13845,0.204971,0.087573,0.036842,0.035526,0.013889,0.07924
0.428552,0.03888,0.059517,0.120512,0.152946,0.070575,0.031292,0.02404,0.011035,0.062651
0.398016,0.037338,0.061688,0.128824,0.172511,0.077507,0.0307,0.022691,0.009776,0.060949
0.505414,0.04625,0.046994,0.062699,0.078144,0.052702,0.038899,0.037844,0.024163,0.106891
0.517979,0.049846,0.042892,0.053659,0.071539,0.049135,0.03736,0.042931,0.025209,0.109452
0.521888,0.040873,0.040831,0.065163,0.097076,0.053509,0.033814,0.036926,0.018254,0.091667
0.599183,0.026389,0.033435,0.066973,0.11924,0.052717,0.02355,0.020404,0.010355,0.047753
0.557441,0.040859,0.039848,0.051431,0.069158,0.045269,0.034865,0.037626,0.023333,0.100168
0.420184,0.052695,0.052399,0.066891,0.085664,0.062272,0.045067,0.048394,0.028668,0.137766
0.553987,0.038208,0.044027,0.072981,0.092274,0.054865,0.032217,0.026821,0.013881,0.070738
0.530419,0.038493,0.04783,0.074993,0.095096,0.05946,0.032961,0.027645,0.014686,0.078416
0.507136,0.038777,0.049795,0.077607,0.100616,0.063301,0.036776,0.029083,0.015299,0.08161
0.420184,0.052695,0.052399,0.066891,0.085664,0.062272,0.045067,0.048394,0.028668,0.137766
0.440672,0.046414,0.049015,0.071973,0.114718,0.069351,0.041439,0.036422,0.018885,0.111111
0.472039,0.030138,0.045442,0.089713,0.163411,0.076994,0.032041,0.021561,0.009636,0.059025
0.375541,0.038642,0.050687,0.095434,0.166733,0.101694,0.044714,0.03236,0.016903,0.077294
0.408223,0.049689,0.054779,0.079332,0.121963,0.067198,0.042476,0.043926,0.023349,0.109065
0.403904,0.039375,0.057864,0.10329,0.147517,0.090987,0.040574,0.027184,0.013581,0.075725
0.476389,0.032665,0.048817,0.082485,0.124691,0.080813,0.038812,0.027315,0.014738,0.073277
0.235885,0.046104,0.069105,0.135784,0.213198,0.118602,0.046581,0.032051,0.016026,0.086664
0.245,0.054362,0.072566,0.132268,0.185424,0.101412,0.047842,0.038344,0.01921,0.103573
0.407394,0.039171,0.057209,0.113617,0.183538,0.077662,0.029908,0.022624,0.008603,0.060273
0.330754,0.051693,0.060212,0.098373,0.155635,0.092354,0.048056,0.038757,0.02,0.104167
0.475528,0.04512,0.045901,0.07059,0.107434,0.065426,0.037354,0.03418,0.01769,0.100776
0.469662,0.043173,0.04683,0.063671,0.094706,0.063149,0.043539,0.040247,0.025444,0.109579
0.449064,0.046429,0.045798,0.070177,0.108822,0.070452,0.040446,0.036376,0.02034,0.112098
0.510203,0.044897,0.037991,0.049984,0.085791,0.054848,0.037192,0.039103,0.023804,0.116187
0.460338,0.045501,0.046348,0.072214,0.114811,0.068101,0.036655,0.03496,0.021112,0.099961
0.500415,0.048553,0.04702,0.065336,0.09267,0.05163,0.033623,0.040056,0.020534,0.100164
0.443683,0.03024,0.044359,0.095663,0.165196,0.09166,0.03699,0.02489,0.010718,0.056601
0.466037,0.048622,0.046853,0.067329,0.107237,0.057042,0.036035,0.040614,0.01964,0.11059
0.51272,0.038943,0.045173,0.071887,0.110951,0.064905,0.035191,0.02835,0.014626,0.077254
0.433703,0.054875,0.044682,0.05651,0.08845,0.055353,0.041768,0.050063,0.031098,0.143498
0.510395,0.052321,0.036166,0.035769,0.049536,0.032396,0.033866,0.051526,0.037343,0.160682
0.50449,0.052588,0.038489,0.048174,0.064441,0.040525,0.031792,0.04532,0.032896,0.141286
0.52402,0.051185,0.036615,0.040277,0.056572,0.037689,0.031248,0.045299,0.02935,0.147746
0.545016,0.046317,0.036063,0.043841,0.057857,0.039302,0.031635,0.040365,0.027079,0.132524
0.493197,0.050156,0.042534,0.055595,0.079357,0.05,0.038207,0.04462,0.024971,0.121365
0.502643,0.052694,0.040421,0.04931,0.060269,0.040623,0.034444,0.045522,0.031684,0.142391
0.559475,0.050154,0.030633,0.031713,0.043395,0.029599,0.028241,0.045,0.033688,0.148102
0.505435,0.049314,0.043088,0.051658,0.072082,0.04697,0.037828,0.045124,0.028774,0.119726
0.483644,0.052612,0.040547,0.053109,0.074834,0.047367,0.036712,0.050912,0.029747,0.130514
0.484746,0.055892,0.041291,0.050827,0.071423,0.043111,0.03403,0.046514,0.030745,0.141421
0.484222,0.047287,0.043049,0.058872,0.080846,0.051617,0.038235,0.043717,0.027179,0.124977
0.506788,0.03474,0.045217,0.079887,0.122946,0.060986,0.030963,0.030475,0.014359,0.073639
0.529726,0.03559,0.045505,0.074884,0.112481,0.057022,0.032311,0.027739,0.013561,0.071181
0.487296,0.039052,0.04806,0.077839,0.114645,0.065727,0.038746,0.032884,0.015094,0.080658
0.566901,0.042379,0.031627,0.040259,0.058048,0.039106,0.031559,0.04126,0.025404,0.123457
0.483644,0.052612,0.040547,0.053109,0.074834,0.047367,0.036712,0.050912,0.029747,0.130514
0.475576,0.050275,0.044194,0.067668,0.091416,0.054179,0.034359,0.040791,0.022397,0.119144
0.484746,0.055892,0.041291,0.050827,0.071423,0.043111,0.03403,0.046514,0.030745,0.141421
0.541104,0.042061,0.041798,0.057958,0.080405,0.046565,0.031644,0.036974,0.021434,0.100056
0.506788,0.03474,0.045217,0.079887,0.122946,0.060986,0.030963,0.030475,0.014359,0.073639
0.465032,0.037869,0.047099,0.074613,0.125193,0.074701,0.042317,0.031276,0.016825,0.085074
0.476208,0.039118,0.046508,0.077566,0.125062,0.070018,0.039806,0.031587,0.015079,0.079048
0.567401,0.032841,0.039902,0.056547,0.079602,0.045491,0.034033,0.032222,0.018333,0.09363
0.501363,0.041306,0.042448,0.061428,0.100429,0.061167,0.038159,0.035013,0.01908,0.099607
0.577372,0.036349,0.039295,0.052134,0.07067,0.041852,0.032734,0.03194,0.019347,0.098307
0.404765,0.04985,0.053077,0.069722,0.104316,0.068953,0.04938,0.045513,0.027585,0.126838
0.609389,0.03355,0.03533,0.045457,0.067274,0.039308,0.027503,0.031785,0.017694,0.092708
0.481777,0.052059,0.040445,0.048755,0.070426,0.056897,0.044516,0.044301,0.027466,0.133357
0.692032,0.029535,0.025204,0.033704,0.049516,0.034112,0.02396,0.023115,0.014549,0.074274
0.465838,0.028582,0.048514,0.100804,0.146979,0.078046,0.035819,0.026291,0.011598,0.057529
0.575105,0.036659,0.039425,0.053082,0.065072,0.043462,0.034426,0.035903,0.021628,0.095238
0.320825,0.072397,0.048381,0.054127,0.082159,0.052079,0.048286,0.066746,0.043444,0.211556
0.352392,0.070849,0.047469,0.051806,0.06713,0.046049,0.045062,0.063488,0.044336,0.21142
0.470653,0.056901,0.035797,0.037485,0.057086,0.040295,0.039464,0.052825,0.035652,0.173842
0.574722,0.033597,0.042647,0.061845,0.084212,0.056669,0.031025,0.027025,0.014085,0.074173
0.476547,0.042563,0.049455,0.071572,0.119761,0.066192,0.037641,0.030556,0.017071,0.088643
0.595297,0.038857,0.033191,0.044918,0.064804,0.032465,0.026026,0.034659,0.020786,0.108996
0.57272,0.029046,0.039493,0.066969,0.099532,0.056492,0.031567,0.025408,0.0125,0.066274
0.577692,0.036425,0.038305,0.04943,0.077578,0.048946,0.032322,0.030399,0.01651,0.092393
0.534693,0.036652,0.043902,0.069771,0.092408,0.057029,0.033588,0.030607,0.016794,0.084556
0.383854,0.052922,0.052112,0.068547,0.108102,0.064381,0.047512,0.049624,0.030874,0.142072
0.418501,0.047101,0.043747,0.0938,0.13124,0.06647,0.037887,0.040079,0.021158,0.100018
0.490258,0.048032,0.03887,0.067805,0.096692,0.053048,0.031009,0.044078,0.024547,0.105662
0.407407,0.044444,0.046958,0.090212,0.15172,0.066975,0.037566,0.040079,0.017372,0.097266
0.383854,0.052922,0.052112,0.068547,0.108102,0.064381,0.047512,0.049624,0.030874,0.142072
0.293156,0.049404,0.053192,0.111726,0.192211,0.090585,0.045746,0.046167,0.020558,0.097255
0.407407,0.044444,0.046958,0.090212,0.15172,0.066975,0.037566,0.040079,0.017372,0.097266
0.318403,0.06059,0.052951,0.081858,0.130773,0.078038,0.045573,0.056771,0.028863,0.146181
0.420311,0.048172,0.045359,0.082662,0.127158,0.063451,0.033404,0.044272,0.022823,0.11239
0.314012,0.062447,0.05657,0.083418,0.125063,0.074328,0.048199,0.057839,0.034543,0.143582
0.535453,0.052586,0.027275,0.024351,0.035819,0.024808,0.026544,0.052403,0.044773,0.175987
0.456539,0.029803,0.047917,0.13261,0.184028,0.063021,0.0193,0.01985,0.005324,0.041609
0.467147,0.02898,0.047569,0.120459,0.176736,0.068857,0.023771,0.017922,0.006357,0.042201
0.415069,0.04934,0.051667,0.10559,0.162639,0.059549,0.029931,0.034444,0.010833,0.080937
0.529536,0.036603,0.036814,0.07936,0.114768,0.052391,0.028165,0.031751,0.01628,0.074332
0.416228,0.036209,0.056189,0.11211,0.169907,0.07634,0.032456,0.026438,0.012159,0.061964
0.403881,0.036152,0.036724,0.097794,0.217034,0.074224,0.028064,0.033497,0.012704,0.059926
0.534337,0.035583,0.043323,0.076741,0.121409,0.050112,0.026958,0.028106,0.013676,0.069756
0.282448,0.061404,0.061607,0.10571,0.154037,0.082196,0.048652,0.051657,0.0266,0.12569
0.447902,0.055916,0.046086,0.062891,0.088173,0.051407,0.036406,0.051708,0.025974,0.133538
0.36036,0.058153,0.062778,0.080495,0.122523,0.071772,0.049294,0.042823,0.023228,0.128574
0.412944,0.06591,0.042136,0.048142,0.07337,0.044044,0.038914,0.06006,0.038851,0.175629
0.477024,0.056242,0.044074,0.047789,0.066985,0.053329,0.04265,0.047789,0.029564,0.134553
0.416138,0.0432,0.061482,0.101113,0.132769,0.080589,0.038806,0.029259,0.015036,0.081607
0.473643,0.043662,0.049937,0.073254,0.106848,0.075659,0.041661,0.032763,0.017567,0.085006
0.400548,0.058567,0.060805,0.081192,0.089195,0.063398,0.044122,0.046667,0.025894,0.129614
0.433532,0.041796,0.055666,0.087912,0.133635,0.073023,0.038174,0.029091,0.014852,0.092318
0.448023,0.049012,0.050313,0.068556,0.091041,0.06798,0.046534,0.043919,0.024237,0.110385
0.469198,0.057474,0.040589,0.041191,0.060946,0.03846,0.03706,0.052405,0.037914,0.164763
0.30659,0.03841,0.071065,0.143549,0.194321,0.109444,0.04017,0.023565,0.009552,0.063333
0.483751,0.058268,0.034455,0.033216,0.044262,0.029825,0.030386,0.056599,0.041197,0.188041
0.408682,0.064918,0.041765,0.041667,0.054796,0.042791,0.04192,0.061741,0.043452,0.198268
0.480692,0.047961,0.043487,0.05052,0.069554,0.052969,0.043446,0.044089,0.030788,0.136494
0.322844,0.054948,0.07037,0.129896,0.161096,0.084385,0.037304,0.037185,0.013896,0.088074
0.485278,0.056349,0.038106,0.045339,0.074816,0.043349,0.036452,0.047798,0.02979,0.142723
0.411815,0.048131,0.062632,0.101588,0.128073,0.080414,0.039526,0.029543,0.014417,0.083862
0.523959,0.051506,0.034087,0.042138,0.076023,0.037983,0.032799,0.044254,0.028682,0.128568
0.403526,0.049448,0.058636,0.089494,0.115527,0.085808,0.04578,0.03734,0.020299,0.094142
0.374573,0.068531,0.045882,0.047009,0.061344,0.064141,0.056799,0.06183,0.043065,0.176826
0.437083,0.045019,0.054974,0.092618,0.13813,0.07415,0.037682,0.028347,0.014129,0.077869
0.338379,0.029639,0.057349,0.156996,0.235773,0.09271,0.02672,0.014962,0.005497,0.041975
0.347031,0.033286,0.060691,0.13069,0.192815,0.100929,0.037528,0.021435,0.009102,0.066494
0.565441,0.031887,0.043345,0.068493,0.090183,0.062777,0.034111,0.023398,0.012845,0.067521
0.38403,0.064075,0.057316,0.074486,0.090907,0.060031,0.040838,0.048244,0.028489,0.151584
0.511938,0.042383,0.05334,0.076951,0.093045,0.058752,0.032165,0.02791,0.01369,0.089826
0.467867,0.056283,0.042737,0.048306,0.060967,0.04572,0.039259,0.046104,0.032833,0.159925
0.399633,0.03168,0.042562,0.114073,0.1838,0.06734,0.034229,0.029982,0.016812,0.07989
0.359248,0.056086,0.060364,0.085835,0.113212,0.077724,0.046502,0.041271,0.026836,0.132922
0.379177,0.030683,0.053523,0.125045,0.162412,0.072947,0.042502,0.032206,0.018288,0.083218
0.375584,0.041927,0.057693,0.103468,0.167219,0.078745,0.039206,0.031917,0.015411,0.088828
0.419538,0.021646,0.040978,0.121088,0.210795,0.079451,0.030137,0.018145,0.008014,0.050208
0.400688,0.054356,0.052481,0.071129,0.107949,0.066957,0.044495,0.044535,0.026395,0.131015
0.453881,0.050123,0.050046,0.060077,0.084414,0.052299,0.042106,0.044637,0.029228,0.133187
0.365624,0.057501,0.05254,0.061897,0.087428,0.058755,0.047648,0.056343,0.038311,0.173952
0.428804,0.055992,0.047454,0.055643,0.079259,0.055405,0.044505,0.048017,0.032463,0.152461
0.383107,0.057624,0.053144,0.073238,0.109051,0.067935,0.045141,0.044869,0.028193,0.137699
0.380746,0.059563,0.060377,0.084285,0.119648,0.068795,0.041703,0.038858,0.021995,0.12403
0.456825,0.032868,0.041168,0.086782,0.151143,0.067823,0.036477,0.028097,0.013749,0.085068
0.432588,0.055765,0.048747,0.060423,0.080065,0.056819,0.043762,0.046569,0.027841,0.147422
0.406398,0.037319,0.048747,0.10495,0.136116,0.057897,0.040276,0.039557,0.02204,0.1067
0.338173,0.041583,0.06888,0.117069,0.160832,0.09573,0.047071,0.03235,0.015672,0.08264
0.372495,0.056419,0.054346,0.06515,0.090007,0.067772,0.05499,0.052446,0.034326,0.152048
0.444971,0.046301,0.047077,0.070281,0.11246,0.068406,0.044534,0.040675,0.022182,0.103113
0.523349,0.04196,0.041157,0.058225,0.092901,0.055556,0.036867,0.03534,0.019892,0.094753
0.556079,0.037709,0.040007,0.054011,0.08138,0.055875,0.037403,0.031761,0.017999,0.087776
0.368113,0.059659,0.052313,0.056675,0.083936,0.060061,0.052313,0.058454,0.038682,0.169795
0.383024,0.028334,0.054646,0.141686,0.210343,0.092104,0.02623,0.017731,0.006598,0.039304
0.363409,0.028832,0.054643,0.155354,0.236224,0.088261,0.021523,0.013137,0.004264,0.034352
0.415835,0.05893,0.048012,0.057952,0.086524,0.056216,0.045946,0.051399,0.030443,0.148743
0.465532,0.050079,0.053789,0.076356,0.097023,0.06123,0.036721,0.036213,0.019376,0.103681
0.437732,0.050881,0.053311,0.077207,0.108959,0.063864,0.041028,0.040596,0.021652,0.104769
0.256905,0.059951,0.072734,0.106715,0.14874,0.092733,0.056506,0.051752,0.027747,0.126216
0.421448,0.048491,0.058583,0.102078,0.135183,0.070776,0.036066,0.030392,0.014079,0.082903
0.378281,0.053052,0.058586,0.083847,0.116619,0.07971,0.049837,0.041443,0.022375,0.11625
0.397698,0.043403,0.06123,0.108073,0.147602,0.084217,0.039818,0.028003,0.014355,0.075601
0.431998,0.055344,0.052412,0.070453,0.094665,0.058535,0.041326,0.047954,0.026511,0.1208
0.316584,0.048438,0.06677,0.124095,0.166826,0.094176,0.046429,0.034975,0.015525,0.08618
0.372118,0.062219,0.057081,0.070896,0.098748,0.064105,0.046148,0.049845,0.030681,0.148159
0.425773,0.045313,0.055415,0.083857,0.115096,0.078327,0.048455,0.038416,0.019668,0.089681
0.380688,0.051946,0.06194,0.095258,0.123447,0.080935,0.046041,0.037486,0.020285,0.101974
0.343753,0.061575,0.063087,0.068648,0.079122,0.057769,0.052478,0.061764,0.041788,0.170014
0.512815,0.045737,0.0438,0.060034,0.089052,0.056993,0.03737,0.036659,0.018866,0.098675
0.478758,0.033088,0.054868,0.108692,0.1402,0.070681,0.029186,0.020575,0.01003,0.053922
0.412171,0.061051,0.049208,0.054809,0.076897,0.04876,0.0431,0.054704,0.036081,0.163217
0.509343,0.05543,0.041551,0.046935,0.065768,0.041426,0.036293,0.048077,0.027484,0.127692
0.49305,0.04974,0.041809,0.048027,0.071201,0.045343,0.039725,0.045714,0.029152,0.136238
0.520965,0.047072,0.044754,0.057404,0.074155,0.050554,0.036017,0.040118,0.022081,0.106879
0.380443,0.057374,0.061756,0.095762,0.128789,0.071098,0.039848,0.039724,0.019538,0.105669
0.480024,0.05376,0.049386,0.054108,0.069036,0.050442,0.040878,0.046198,0.026711,0.129456
0.500379,0.045707,0.046646,0.056408,0.074921,0.048635,0.038242,0.04087,0.026089,0.122104
0.433222,0.030964,0.051911,0.117091,0.174044,0.085211,0.029924,0.020065,0.008384,0.049184
0.511102,0.049982,0.040077,0.044085,0.064538,0.041528,0.037406,0.047091,0.030438,0.133753
0.381387,0.048332,0.061782,0.09405,0.124796,0.087727,0.049511,0.038034,0.020544,0.093836
0.480587,0.053925,0.044481,0.054622,0.075416,0.046941,0.038168,0.047178,0.028225,0.130458
0.530002,0.019114,0.036247,0.110789,0.193157,0.059995,0.014908,0.009806,0.002595,0.023387
0.428312,0.054186,0.048513,0.065624,0.095738,0.057328,0.040804,0.047708,0.030252,0.131536
0.53171,0.038169,0.043623,0.064961,0.094202,0.060053,0.035798,0.031495,0.017884,0.082104
0.412171,0.061051,0.049208,0.054809,0.076897,0.04876,0.0431,0.054704,0.036081,0.163217
0.434762,0.049595,0.051365,0.078189,0.11096,0.063635,0.041621,0.038429,0.020758,0.110687
0.428404,0.045739,0.057061,0.090103,0.12235,0.081413,0.042645,0.029853,0.016195,0.086238
0.402144,0.038657,0.05625,0.090826,0.130909,0.083748,0.048916,0.035039,0.019834,0.093677
0.388035,0.054398,0.053924,0.067376,0.088134,0.064644,0.052577,0.052842,0.034381,0.143689
0.432182,0.054592,0.045083,0.058346,0.086799,0.051664,0.039965,0.051101,0.031869,0.148398
0.355072,0.065821,0.053576,0.057468,0.076993,0.053845,0.048578,0.059665,0.039771,0.189211
0.538508,0.051288,0.03125,0.03506,0.052855,0.033565,0.03002,0.049407,0.031877,0.146171
0.368393,0.062017,0.051164,0.061247,0.08616,0.060541,0.046065,0.056224,0.037622,0.170566
0.425226,0.055888,0.047174,0.056492,0.081365,0.050138,0.042052,0.050671,0.032888,0.158107
0.421223,0.059791,0.044974,0.053231,0.073366,0.048434,0.040792,0.055582,0.034619,0.167989
0.465103,0.043783,0.049182,0.065019,0.09335,0.060101,0.045418,0.040356,0.024146,0.11354
0.427746,0.035213,0.052589,0.093359,0.137242,0.080379,0.046692,0.031786,0.016311,0.078684
0.441297,0.036463,0.052615,0.089571,0.142691,0.087549,0.040277,0.023998,0.012361,0.073178
0.487849,0.03777,0.048048,0.070992,0.102694,0.064801,0.043309,0.03477,0.020324,0.089443
0.485806,0.046154,0.051093,0.064457,0.091503,0.054239,0.03974,0.037728,0.021376,0.107904
0.375703,0.063452,0.049256,0.051028,0.082088,0.051263,0.046648,0.058237,0.03966,0.182665
0.504382,0.042841,0.041997,0.059325,0.099223,0.06374,0.039253,0.03125,0.018287,0.099702
0.516409,0.038807,0.047366,0.064856,0.096368,0.059043,0.038807,0.031019,0.018467,0.088858
0.485642,0.054969,0.035942,0.036255,0.057799,0.037689,0.037728,0.052321,0.035746,0.16591
0.381875,0.062691,0.052413,0.058056,0.096476,0.053715,0.046146,0.054149,0.034045,0.160434
0.409821,0.036549,0.056017,0.109502,0.158937,0.084454,0.037525,0.025034,0.012267,0.069893
0.521085,0.049169,0.038992,0.046642,0.066917,0.039919,0.034727,0.041143,0.026801,0.134605
0.49818,0.036239,0.050952,0.085735,0.119655,0.069813,0.032727,0.023702,0.01181,0.071187
0.454832,0.055803,0.046218,0.052655,0.073995,0.056687,0.044331,0.049319,0.031079,0.135081
0.373661,0.057877,0.055527,0.076154,0.112735,0.067593,0.046909,0.04839,0.028675,0.132479
0.521564,0.04876,0.0346,0.038756,0.064165,0.043291,0.039528,0.044157,0.026654,0.138523
0.422863,0.052593,0.055556,0.078006,0.105,0.061097,0.042308,0.041724,0.024088,0.116766
0.383437,0.057246,0.057048,0.067769,0.103314,0.061175,0.049312,0.049038,0.029164,0.142498
0.418663,0.051339,0.0547,0.077579,0.109747,0.065451,0.043738,0.038232,0.020895,0.119655
0.44923,0.040427,0.053572,0.076253,0.101817,0.070811,0.048453,0.036518,0.022404,0.100514
0.468998,0.054094,0.042306,0.046183,0.06173,0.040923,0.035545,0.05113,0.034983,0.164108
0.434428,0.043299,0.049976,0.073139,0.121261,0.070646,0.046519,0.039441,0.021783,0.099507
0.428408,0.055936,0.048309,0.059112,0.07857,0.050076,0.043523,0.049539,0.031759,0.154768
0.566741,0.04008,0.039611,0.044823,0.066531,0.040728,0.03367,0.035224,0.022792,0.1098
0.270547,0.069512,0.066149,0.083434,0.107076,0.073547,0.057439,0.052596,0.03521,0.18449
0.479814,0.043728,0.047197,0.067958,0.107211,0.06262,0.039845,0.034682,0.019307,0.097638
0.442273,0.057257,0.049132,0.055466,0.063099,0.052825,0.044162,0.052176,0.034023,0.149588
0.526073,0.044435,0.039321,0.047422,0.075591,0.046859,0.038179,0.038007,0.025432,0.118681
0.571197,0.032963,0.043191,0.068177,0.083974,0.049587,0.031638,0.028462,0.015613,0.075199
0.289053,0.067628,0.063924,0.071636,0.106212,0.070863,0.054923,0.060853,0.037131,0.177778
0.578796,0.034168,0.038238,0.053995,0.079949,0.047429,0.032636,0.032067,0.017755,0.084967
0.383005,0.057755,0.056308,0.071373,0.090702,0.060995,0.047647,0.053858,0.032272,0.146084
0.439639,0.056836,0.044385,0.051873,0.075424,0.049926,0.042403,0.050593,0.031583,0.157337
0.450952,0.040564,0.055467,0.099894,0.122099,0.072769,0.037319,0.029012,0.014956,0.076966
0.399204,0.045935,0.056337,0.07934,0.119878,0.073756,0.049031,0.039685,0.024349,0.112486
0.457668,0.048646,0.051351,0.066425,0.093117,0.061136,0.044044,0.042683,0.022014,0.112915
0.516239,0.027454,0.04693,0.084607,0.119893,0.073266,0.037646,0.022452,0.012041,0.059472
0.343527,0.066642,0.055007,0.0612,0.080897,0.051758,0.04457,0.061647,0.041707,0.193043
0.43198,0.037597,0.056709,0.093508,0.124661,0.083876,0.045245,0.030627,0.015432,0.080366
0.411728,0.045025,0.059843,0.082187,0.101174,0.070254,0.04785,0.040462,0.023747,0.11773
0.382208,0.05436,0.058889,0.072799,0.098973,0.069437,0.051308,0.048017,0.029297,0.134712
0.517819,0.028971,0.045007,0.075133,0.119688,0.070914,0.038389,0.023985,0.012997,0.067096
0.442757,0.038854,0.054887,0.080485,0.111006,0.080432,0.049719,0.035513,0.018952,0.087395
0.350478,0.067916,0.047733,0.052859,0.08003,0.052043,0.052005,0.063891,0.038334,0.19471
0.421273,0.052198,0.052286,0.066245,0.092036,0.068003,0.052338,0.043126,0.025053,0.127444
0.600798,0.017217,0.036705,0.082661,0.121566,0.065282,0.023654,0.012556,0.005843,0.03372
0.378109,0.053766,0.055425,0.071157,0.108231,0.075041,0.052741,0.048027,0.027996,0.129506
0.412007,0.032007,0.056297,0.104834,0.156962,0.092682,0.044338,0.022985,0.011871,0.066017
0.480712,0.045755,0.050712,0.06406,0.081182,0.05792,0.04188,0.038803,0.02067,0.118305
0.323068,0.039394,0.065551,0.111588,0.168272,0.105549,0.054793,0.030225,0.016606,0.084954
0.337495,0.044957,0.063523,0.113992,0.16768,0.09756,0.046095,0.032864,0.014156,0.081679
0.325313,0.046198,0.059549,0.087691,0.137049,0.10059,0.061406,0.041424,0.02441,0.116372
0.388582,0.039976,0.059497,0.105246,0.15078,0.092659,0.045321,0.030958,0.013735,0.073246
0.428662,0.037058,0.051641,0.07994,0.12399,0.087484,0.050158,0.032086,0.018592,0.090388
0.388889,0.061156,0.045527,0.052678,0.082885,0.049611,0.044906,0.057227,0.034877,0.182244
0.592135,0.0234,0.036473,0.059752,0.100574,0.064025,0.033847,0.021633,0.011338,0.056824
0.281156,0.056577,0.066984,0.088922,0.130631,0.081978,0.060665,0.050738,0.032074,0.150275
0.3645,0.059044,0.053579,0.063048,0.087869,0.061354,0.054559,0.051734,0.033892,0.170421
0.368622,0.045147,0.062014,0.086571,0.132705,0.084094,0.053726,0.039821,0.020833,0.106465
0.485347,0.04525,0.048194,0.060694,0.093181,0.058556,0.042458,0.035944,0.020958,0.109417
0.400799,0.025133,0.048645,0.111094,0.196611,0.099935,0.037828,0.019008,0.009845,0.051102
0.437969,0.045471,0.058097,0.08649,0.113037,0.072342,0.04178,0.031258,0.018114,0.095442
0.499417,0.029512,0.048965,0.096945,0.127248,0.069084,0.033758,0.0227,0.011114,0.061258
0.379555,0.058129,0.058209,0.076013,0.092907,0.067319,0.048715,0.044544,0.030239,0.144371
0.410619,0.047293,0.053235,0.072205,0.097099,0.071361,0.050105,0.044919,0.027584,0.12558
0.378227,0.061588,0.053712,0.061127,0.07674,0.059203,0.050605,0.053632,0.036396,0.168771
0.410431,0.034151,0.056964,0.102951,0.149419,0.087405,0.042551,0.026232,0.01419,0.075706
0.367754,0.063227,0.053386,0.065374,0.079442,0.052984,0.046207,0.055623,0.037909,0.178095
0.415802,0.035175,0.056713,0.106455,0.160574,0.089426,0.037689,0.023494,0.011388,0.063285
0.399746,0.054056,0.054626,0.075672,0.110704,0.065826,0.046264,0.039841,0.024827,0.12844
0.391373,0.039419,0.057179,0.110861,0.160187,0.083874,0.040793,0.030414,0.014042,0.071859
0.37892,0.055093,0.062407,0.083519,0.100401,0.067469,0.049398,0.042052,0.026358,0.134383
0.424311,0.052876,0.052841,0.059713,0.074538,0.058991,0.047825,0.048031,0.032914,0.147959
0.298077,0.075871,0.052512,0.076017,0.121779,0.066741,0.043901,0.063374,0.034269,0.16746
0.376128,0.064281,0.049897,0.061432,0.090298,0.051381,0.040203,0.053577,0.034228,0.178577
0.572423,0.045486,0.036001,0.041923,0.068549,0.037299,0.028235,0.041137,0.021418,0.107529
0.415404,0.050505,0.055303,0.068831,0.087374,0.05772,0.048557,0.045996,0.030952,0.139358
0.444703,0.055205,0.050423,0.059195,0.072216,0.053256,0.043159,0.044697,0.030397,0.146747
0.381546,0.048969,0.063784,0.099179,0.125378,0.079034,0.046393,0.034863,0.019324,0.10153
0.378191,0.052434,0.065587,0.090396,0.125708,0.081044,0.044997,0.035895,0.019217,0.106532
0.494631,0.033226,0.053272,0.100574,0.126202,0.065652,0.030275,0.022423,0.010791,0.062954
0.755038,0.023883,0.019676,0.021535,0.029194,0.021528,0.019376,0.021528,0.01491,0.073332
0.730596,0.026624,0.020568,0.021885,0.030933,0.021691,0.019884,0.024683,0.018209,0.084926
0.435177,0.042801,0.052556,0.080504,0.109867,0.075432,0.047264,0.038582,0.021998,0.09582
0.396664,0.025336,0.052977,0.125879,0.183544,0.101657,0.037135,0.018929,0.009513,0.048367
0.303005,0.035772,0.062779,0.127615,0.189772,0.11977,0.048354,0.029192,0.014446,0.069294
0.442296,0.047548,0.052127,0.065104,0.08865,0.069857,0.047917,0.043772,0.026063,0.116667
0.367253,0.030305,0.057413,0.145844,0.224464,0.079707,0.025218,0.014757,0.006505,0.048534
0.385034,0.022412,0.049083,0.144202,0.239412,0.083346,0.022673,0.011655,0.00547,0.036711
0.384706,0.058666,0.055341,0.073699,0.099564,0.065512,0.045617,0.040541,0.027778,0.148577
0.500243,0.033559,0.049236,0.072465,0.093212,0.06033,0.041892,0.034288,0.020781,0.093993
0.403932,0.05478,0.051281,0.066811,0.093074,0.065332,0.046194,0.046374,0.0296,0.142623
0.448097,0.053973,0.04446,0.054266,0.076985,0.048777,0.040319,0.048719,0.031587,0.152817
0.506752,0.033931,0.047126,0.075733,0.10409,0.065625,0.040837,0.029726,0.016262,0.079919
0.43079,0.055575,0.043659,0.056317,0.077766,0.052391,0.044519,0.048445,0.032114,0.158423
0.467047,0.03959,0.050079,0.07549,0.110879,0.064467,0.041841,0.035204,0.018867,0.096538
0.43346,0.053649,0.04532,0.063521,0.096405,0.054194,0.038263,0.046115,0.027642,0.141431
0.460873,0.052747,0.043744,0.058422,0.084122,0.051381,0.039935,0.045322,0.028124,0.13533
0.526788,0.043576,0.042726,0.05408,0.072795,0.047049,0.03724,0.039774,0.023958,0.112014
0.531489,0.037408,0.041999,0.062666,0.099898,0.059384,0.03608,0.031548,0.016585,0.082943
0.47275,0.051434,0.046195,0.053505,0.07182,0.048834,0.040083,0.042783,0.028712,0.143884
0.438046,0.052467,0.048099,0.057893,0.081098,0.05977,0.047929,0.048543,0.029245,0.13691
0.454728,0.044832,0.049023,0.066956,0.103261,0.069024,0.046845,0.040258,0.023368,0.101705
0.527513,0.036702,0.045414,0.068342,0.086208,0.064727,0.04037,0.030705,0.01806,0.081958
0.433532,0.044386,0.048078,0.068581,0.11078,0.07457,0.050926,0.039738,0.023332,0.106077
0.387566,0.040675,0.054583,0.089655,0.142974,0.093293,0.051393,0.034022,0.018207,0.087632
0.459955,0.043668,0.050242,0.06903,0.100673,0.069807,0.046601,0.0407,0.023533,0.09579
0.47938,0.039621,0.050504,0.07822,0.104197,0.069185,0.043254,0.034386,0.018193,0.083059
0.521476,0.044287,0.042599,0.056086,0.075682,0.051665,0.037664,0.037037,0.02236,0.111143
0.513582,0.036275,0.042366,0.064104,0.106044,0.067687,0.040865,0.031344,0.017489,0.080245
0.406342,0.046829,0.053149,0.078042,0.115098,0.077326,0.050209,0.041483,0.023442,0.10808
0.427855,0.043311,0.054175,0.081019,0.118644,0.076957,0.045119,0.036956,0.021179,0.094786
0.474324,0.042367,0.052297,0.074836,0.104867,0.062256,0.040266,0.031128,0.018701,0.098958
0.480581,0.050334,0.046193,0.049408,0.068596,0.051029,0.042464,0.044702,0.029604,0.137088
0.484217,0.037837,0.050968,0.078346,0.119907,0.070034,0.040341,0.028178,0.01492,0.075253
0.485563,0.042306,0.048136,0.066977,0.098337,0.057566,0.04068,0.037445,0.020577,0.102412
0.463934,0.045471,0.04989,0.068748,0.099488,0.061966,0.041003,0.040048,0.021659,0.107793
0.428846,0.047774,0.050321,0.07224,0.111699,0.068803,0.044943,0.039334,0.023273,0.112767
0.440479,0.051248,0.048913,0.066787,0.100362,0.063446,0.044223,0.041969,0.024376,0.118196
0.427863,0.052265,0.052244,0.064701,0.086944,0.060406,0.047158,0.044402,0.029466,0.134551
0.567046,0.045609,0.031535,0.040811,0.063406,0.034404,0.029522,0.040157,0.024675,0.122836
0.563853,0.037894,0.053003,0.088391,0.11616,0.046525,0.021133,0.013123,0.006311,0.053607
0.477377,0.018583,0.042907,0.115575,0.19122,0.07871,0.024996,0.010736,0.005067,0.034829
0.576464,0.037231,0.038678,0.051197,0.074399,0.045893,0.033009,0.02937,0.018161,0.095598
0.584256,0.038448,0.040386,0.05461,0.06325,0.04252,0.030027,0.02952,0.018319,0.098664
0.548567,0.045179,0.044906,0.051764,0.067275,0.043372,0.032924,0.032936,0.019802,0.113274
0.612685,0.037107,0.037099,0.045127,0.063178,0.037949,0.026827,0.027318,0.015853,0.096856
0.559259,0.04635,0.036937,0.042722,0.061586,0.037427,0.031283,0.03835,0.023556,0.122531
0.56977,0.023419,0.051891,0.127754,0.149905,0.04454,0.008826,0.004153,0.001507,0.018237
0.498768,0.050498,0.043763,0.053669,0.07124,0.045886,0.03615,0.040605,0.023323,0.136098
0.556775,0.047127,0.042249,0.051563,0.063261,0.040998,0.030012,0.030778,0.019511,0.117726
0.536944,0.056641,0.050652,0.057996,0.064546,0.039898,0.028035,0.026108,0.015424,0.123756
0.566893,0.043205,0.032718,0.037395,0.05428,0.033649,0.030147,0.040351,0.026684,0.134678
0.554825,0.041613,0.044088,0.054612,0.076923,0.044231,0.030609,0.029078,0.016293,0.107728
0.573521,0.043835,0.033159,0.035344,0.052913,0.032468,0.030188,0.037028,0.025955,0.135589
0.612355,0.041959,0.035943,0.043075,0.05924,0.03405,0.02445,0.026735,0.016001,0.106192
0.632398,0.014561,0.030187,0.086717,0.151409,0.040554,0.011741,0.007639,0.002676,0.022118
0.632648,0.01929,0.037779,0.113286,0.147443,0.027741,0.004837,0.0032,0.001106,0.012671
0.645617,0.015097,0.032802,0.086602,0.129833,0.043485,0.01249,0.007288,0.003116,0.02367
0.477055,0.026295,0.060175,0.14431,0.161753,0.06715,0.017564,0.010183,0.003746,0.031768
0.58953,0.018597,0.040949,0.111374,0.134907,0.051617,0.014589,0.00848,0.003466,0.026491
0.382576,0.029151,0.055002,0.113681,0.175394,0.098817,0.043727,0.025607,0.013446,0.0626
0.471267,0.045763,0.051009,0.06664,0.080603,0.063559,0.047189,0.040221,0.024939,0.108811
0.464956,0.056558,0.043617,0.046536,0.060893,0.039771,0.037593,0.049946,0.03463,0.165501
0.520732,0.035411,0.045032,0.067245,0.107949,0.069603,0.037977,0.025962,0.01449,0.075601
0.484352,0.048924,0.042694,0.047197,0.06276,0.050502,0.045586,0.043796,0.029367,0.144822
0.386154,0.019288,0.045752,0.132158,0.233749,0.09843,0.027973,0.013729,0.005719,0.037049
0.562856,0.041229,0.039078,0.053697,0.083829,0.044857,0.02838,0.029672,0.016539,0.099864
0.437891,0.030565,0.052695,0.094838,0.159368,0.089789,0.037204,0.02323,0.011468,0.062952
0.416176,0.059343,0.04342,0.048962,0.068883,0.046156,0.040509,0.055801,0.037388,0.183361
0.402629,0.046222,0.058031,0.083284,0.112819,0.071846,0.047633,0.039315,0.023247,0.114973
0.449315,0.049889,0.053313,0.067491,0.085648,0.053482,0.04198,0.044777,0.025632,0.128472
0.454246,0.018425,0.043977,0.116517,0.205855,0.084418,0.023943,0.013636,0.004789,0.034194
0.449054,0.02848,0.05056,0.108069,0.168101,0.079711,0.033639,0.021133,0.008293,0.052961
0.464555,0.035422,0.050312,0.085608,0.121212,0.077657,0.041621,0.028574,0.015982,0.079056
0.512889,0.033818,0.046053,0.068406,0.097761,0.065405,0.043975,0.030586,0.018044,0.083064
0.502782,0.035517,0.054904,0.086789,0.105569,0.065669,0.035859,0.025835,0.013878,0.073198
0.568093,0.016465,0.036756,0.088817,0.140611,0.070465,0.025482,0.012193,0.006096,0.035022
0.499091,0.049161,0.035335,0.036741,0.054118,0.044351,0.042089,0.048125,0.034363,0.156625
0.536315,0.03661,0.043079,0.062319,0.093512,0.05109,0.034739,0.03441,0.019339,0.088587
0.511607,0.037272,0.048625,0.071994,0.095954,0.068416,0.038807,0.029722,0.017509,0.080094
0.605436,0.012985,0.018698,0.092913,0.208391,0.030452,0.007406,0.008253,0.00227,0.013196
0.523529,0.021499,0.039346,0.127662,0.170625,0.056357,0.017165,0.012183,0.004146,0.027488
0.635679,0.033633,0.031979,0.052365,0.07812,0.037173,0.022759,0.027389,0.013383,0.067519
0.537611,0.037624,0.042897,0.063938,0.098194,0.05369,0.032286,0.027519,0.015742,0.090498
0.521664,0.022989,0.033046,0.090066,0.197459,0.059725,0.018706,0.018819,0.005353,0.032173
0.586084,0.022488,0.033472,0.085815,0.137677,0.056383,0.02143,0.015159,0.006156,0.035338
0.537023,0.028143,0.039753,0.087569,0.159335,0.054868,0.020683,0.020704,0.007288,0.044634
0.529088,0.051912,0.030398,0.029927,0.036559,0.030029,0.029743,0.049844,0.036764,0.175735
0.546939,0.027829,0.033282,0.064943,0.130813,0.059156,0.031224,0.028447,0.01466,0.062706
0.509686,0.053363,0.034174,0.044469,0.047149,0.045383,0.032712,0.046966,0.033199,0.1529
0.592857,0.034722,0.033727,0.045058,0.067373,0.044631,0.032468,0.03259,0.021158,0.095415
0.362796,0.051323,0.065541,0.106673,0.137574,0.081032,0.044913,0.0339,0.018286,0.097962
0.556957,0.02032,0.032683,0.101852,0.173423,0.048899,0.016316,0.016091,0.00458,0.028879
0.54662,0.038555,0.03751,0.052718,0.097347,0.044255,0.030416,0.032109,0.019315,0.101155
0.609116,0.015703,0.020471,0.103571,0.162495,0.035059,0.011557,0.013708,0.003109,0.025212
0.551347,0.037107,0.04148,0.070824,0.107534,0.055298,0.027591,0.023148,0.012369,0.073302
0.550926,0.041604,0.038914,0.047485,0.076014,0.045316,0.034305,0.035807,0.022189,0.107441
0.63566,0.021864,0.027933,0.057034,0.109088,0.054427,0.024354,0.018635,0.008987,0.042017
0.40817,0.046324,0.052533,0.094744,0.143954,0.068083,0.033034,0.03366,0.017838,0.101661
0.635257,0.015777,0.031987,0.074098,0.124723,0.055339,0.019288,0.011015,0.00493,0.027585
0.697529,0.026156,0.023752,0.037271,0.063707,0.034827,0.022911,0.02223,0.011956,0.059661
0.541111,0.032495,0.042281,0.073333,0.100916,0.061365,0.035322,0.026257,0.015263,0.071657
0.426276,0.017899,0.037216,0.10962,0.243373,0.084287,0.023425,0.01516,0.006602,0.03614
0.446832,0.0202,0.036623,0.120833,0.24347,0.06981,0.017714,0.012646,0.004508,0.027364
0.643181,0.015062,0.0299,0.066438,0.125514,0.054382,0.020833,0.011847,0.005273,0.027569
0.418434,0.024008,0.045761,0.118326,0.203842,0.095689,0.0296,0.01838,0.007179,0.038781
0.507466,0.019165,0.037412,0.09814,0.174174,0.078808,0.026568,0.016162,0.006861,0.035244
0.443384,0.037879,0.046616,0.080606,0.132828,0.077222,0.042323,0.032576,0.01904,0.087525
0.410833,0.025069,0.04294,0.11794,0.215602,0.090417,0.029653,0.017384,0.007593,0.042569
0.356332,0.05623,0.059416,0.078166,0.103922,0.075123,0.050531,0.045343,0.027471,0.147467
0.519897,0.042695,0.0384,0.053248,0.084727,0.049091,0.035042,0.04089,0.024603,0.111408
0.539694,0.047723,0.020616,0.032907,0.070135,0.04072,0.028547,0.045612,0.031053,0.142992
0.54386,0.030517,0.03729,0.071804,0.122585,0.062643,0.031349,0.023614,0.011862,0.064476
0.489995,0.0259,0.041795,0.097351,0.163272,0.071785,0.030221,0.020988,0.009336,0.049357
0.486799,0.023779,0.035668,0.095739,0.192058,0.077464,0.02924,0.017522,0.006127,0.035604
0.556362,0.02954,0.035819,0.062228,0.111748,0.060148,0.032782,0.027815,0.014339,0.06922
0.521737,0.04698,0.024647,0.038139,0.064727,0.034987,0.025551,0.046936,0.033091,0.163205
0.645573,0.035909,0.042535,0.075072,0.081568,0.032885,0.016652,0.014742,0.006887,0.048177
0.686485,0.018475,0.03434,0.074057,0.103363,0.040059,0.012598,0.007775,0.002504,0.020346
0.446419,0.040278,0.051801,0.079536,0.122331,0.067708,0.040299,0.033268,0.018338,0.100022
0.5261,0.040131,0.042375,0.064902,0.082462,0.053115,0.036688,0.038867,0.021656,0.093704
0.468616,0.04554,0.051861,0.087696,0.112536,0.058026,0.034589,0.030426,0.01587,0.094841
0.466334,0.04603,0.047813,0.074371,0.093117,0.062758,0.039485,0.035614,0.022124,0.112355
0.424546,0.051327,0.056802,0.072249,0.098446,0.061521,0.042379,0.039062,0.022926,0.130743
0.438167,0.019841,0.04513,0.115801,0.19881,0.087987,0.031421,0.017929,0.005952,0.038961
0.392824,0.057222,0.052431,0.066574,0.096829,0.062963,0.04662,0.046319,0.028218,0.15
0.414396,0.024849,0.047513,0.115398,0.187887,0.088363,0.038728,0.01965,0.009549,0.053667
0.558951,0.041547,0.037981,0.046547,0.0632,0.0467,0.036684,0.039107,0.024007,0.105276
0.420666,0.025542,0.051815,0.140953,0.231897,0.074174,0.016039,0.008729,0.002902,0.027283
0.446567,0.033932,0.048638,0.098803,0.152428,0.069052,0.035205,0.0299,0.014239,0.071238
0.441756,0.034818,0.052163,0.092998,0.133353,0.072517,0.041379,0.035234,0.015745,0.080037
0.365465,0.022973,0.043969,0.123173,0.237262,0.091667,0.03531,0.024199,0.009535,0.046446
0.388704,0.027037,0.052546,0.12544,0.202454,0.088565,0.033171,0.020741,0.008912,0.052431
0.491854,0.014913,0.03312,0.10568,0.202279,0.074564,0.024083,0.015002,0.005631,0.032875
0.405628,0.019841,0.039738,0.12827,0.237648,0.085429,0.02367,0.017885,0.006204,0.035686
0.38516,0.014713,0.037164,0.138838,0.263496,0.095408,0.023186,0.01172,0.004439,0.025875
0.405686,0.023329,0.047678,0.126975,0.219575,0.086719,0.026432,0.018598,0.00714,0.037869
0.491387,0.030739,0.046781,0.090924,0.134798,0.068475,0.033915,0.024602,0.011843,0.066537
0.480914,0.048365,0.04151,0.058109,0.079256,0.051008,0.037634,0.041846,0.028607,0.132751
0.509637,0.042809,0.042259,0.0565,0.083849,0.051604,0.03702,0.040662,0.023483,0.112176
0.454701,0.041401,0.052166,0.088783,0.135323,0.068758,0.03449,0.028464,0.013667,0.082248
0.492533,0.039387,0.046662,0.083681,0.116489,0.055138,0.030893,0.029692,0.016117,0.089408
0.514272,0.060676,0.041981,0.053089,0.076784,0.038154,0.027046,0.039906,0.022403,0.125689
0.542681,0.028765,0.049524,0.09515,0.128219,0.060212,0.023527,0.014991,0.007425,0.049506
0.766551,0.012797,0.026244,0.070704,0.084337,0.023196,0.004377,0.0021,0.000734,0.008959
0.547895,0.022646,0.040068,0.090034,0.135691,0.065256,0.027214,0.017574,0.008254,0.045367
0.403707,0.029798,0.048799,0.11894,0.200111,0.085586,0.033337,0.022469,0.008955,0.048298
0.533077,0.018512,0.036586,0.110855,0.187774,0.05985,0.015753,0.010051,0.003655,0.023885
0.641799,0.013152,0.030209,0.081215,0.145023,0.049348,0.011457,0.006152,0.002689,0.018954
0.509777,0.019554,0.042673,0.105361,0.17472,0.069973,0.022949,0.014128,0.005921,0.034944
0.472046,0.040864,0.050018,0.07836,0.112187,0.068836,0.040106,0.030176,0.01582,0.091587
0.495434,0.053889,0.037535,0.071424,0.124583,0.039444,0.020712,0.039028,0.01684,0.101111
0.583253,0.035526,0.04231,0.063416,0.094152,0.044737,0.026395,0.02527,0.013053,0.071888
0.470946,0.023935,0.045688,0.108781,0.190156,0.073792,0.024113,0.015773,0.006722,0.040094
0.350181,0.05467,0.067774,0.112581,0.148249,0.077858,0.039452,0.035165,0.017291,0.096779
0.556245,0.030352,0.041139,0.078368,0.128467,0.059775,0.025162,0.02,0.0091,0.051392
0.412863,0.053217,0.050513,0.072093,0.109956,0.060345,0.043864,0.046963,0.0262,0.123986
0.512626,0.042436,0.043043,0.068372,0.100801,0.052802,0.031385,0.035961,0.019917,0.092656
0.493171,0.020486,0.03968,0.115432,0.19265,0.071084,0.019155,0.012731,0.005093,0.030517
0.575802,0.032525,0.036249,0.059196,0.09328,0.054381,0.031804,0.029824,0.016472,0.070468
0.542601,0.018576,0.029794,0.12098,0.226749,0.031544,0.007559,0.006571,0.001536,0.014089
0.482736,0.040937,0.041675,0.088092,0.14674,0.056621,0.028207,0.031093,0.01352,0.070381
0.51783,0.035609,0.037589,0.075075,0.137097,0.0589,0.029876,0.026908,0.013002,0.068114
0.404471,0.026624,0.042705,0.118094,0.230936,0.083603,0.029297,0.017121,0.006329,0.04082
0.495158,0.021836,0.038194,0.101196,0.192631,0.068538,0.023013,0.016667,0.006076,0.03669
0.438272,0.024725,0.041717,0.118357,0.214355,0.073957,0.024977,0.018233,0.006928,0.03848
0.447912,0.025313,0.049463,0.138228,0.179914,0.072491,0.024711,0.016915,0.006654,0.0384
0.558787,0.021288,0.0404,0.139839,0.156049,0.03552,0.010117,0.010446,0.00302,0.024533
0.611184,0.013896,0.02801,0.092593,0.176969,0.037486,0.009882,0.008419,0.00255,0.019011
0.413798,0.03087,0.042235,0.135461,0.233717,0.061853,0.020568,0.018519,0.004937,0.038043
0.472887,0.029024,0.046119,0.100645,0.1561,0.076106,0.03228,0.021664,0.010367,0.054808
0.360255,0.028729,0.045924,0.148782,0.280156,0.064878,0.020072,0.016386,0.004114,0.030703
0.625975,0.023992,0.035163,0.087944,0.136865,0.044403,0.010965,0.00806,0.003374,0.023261
0.628706,0.017347,0.02567,0.068177,0.154817,0.046159,0.016934,0.012043,0.004285,0.025863
0.488422,0.046228,0.041005,0.070999,0.116419,0.055092,0.030578,0.034787,0.020614,0.095857
0.4574,0.026066,0.040908,0.10938,0.213547,0.06355,0.023187,0.019044,0.006497,0.040422
0.503125,0.044724,0.040756,0.069301,0.104651,0.050897,0.029005,0.034008,0.021202,0.102331
0.494911,0.045824,0.043143,0.067424,0.117502,0.04796,0.030167,0.030361,0.018337,0.104371
0.451206,0.040039,0.04886,0.084347,0.134569,0.068497,0.036433,0.034074,0.017577,0.084397
0.455896,0.055215,0.04469,0.063617,0.103881,0.054548,0.033429,0.036697,0.020588,0.131441
0.550217,0.044579,0.037236,0.050553,0.075468,0.043334,0.027815,0.030702,0.019813,0.120283
0.491097,0.047749,0.045157,0.061952,0.097564,0.053932,0.03443,0.033447,0.019573,0.1151
0.423167,0.042894,0.043385,0.083333,0.153772,0.066498,0.033553,0.032723,0.016753,0.103921
0.503761,0.053866,0.033993,0.037808,0.065497,0.031326,0.028836,0.04509,0.031219,0.168605
0.577005,0.040737,0.036424,0.051358,0.084461,0.044841,0.02617,0.027684,0.014693,0.096627
0.514096,0.0499,0.034863,0.047745,0.065088,0.035889,0.029368,0.041855,0.028267,0.152928
0.488603,0.05055,0.047122,0.066032,0.10163,0.054677,0.034614,0.031365,0.016952,0.108455
0.43994,0.048267,0.047667,0.07787,0.10894,0.053985,0.040136,0.040148,0.02183,0.121217
0.484286,0.054024,0.030663,0.028888,0.045062,0.033892,0.036229,0.055568,0.042905,0.188483
0.425118,0.068034,0.03047,0.026143,0.040545,0.026047,0.029594,0.066667,0.056314,0.231068
0.416695,0.06005,0.047169,0.060092,0.086834,0.053161,0.03706,0.047379,0.029346,0.162214
0.431122,0.06233,0.043896,0.05035,0.079837,0.041619,0.03511,0.047241,0.035138,0.173356
0.484869,0.055145,0.038933,0.046313,0.074221,0.041296,0.033786,0.04386,0.030291,0.151286
0.43994,0.048267,0.047667,0.07787,0.10894,0.053985,0.040136,0.040148,0.02183,0.121217
0.368721,0.066632,0.0507,0.058065,0.093756,0.052042,0.040838,0.053338,0.036613,0.179295
0.491097,0.047749,0.045157,0.061952,0.097564,0.053932,0.03443,0.033447,0.019573,0.1151
0.443137,0.047968,0.048925,0.071957,0.10621,0.055308,0.036673,0.038877,0.026522,0.124423
0.468844,0.061549,0.033679,0.03893,0.060938,0.034127,0.029976,0.050163,0.038329,0.183466
0.283924,0.036556,0.07068,0.143298,0.18759,0.112942,0.048007,0.027778,0.014577,0.074649
0.405994,0.05766,0.062335,0.078899,0.088985,0.062004,0.040645,0.039502,0.024681,0.139295
0.34525,0.061981,0.066699,0.087407,0.104654,0.068986,0.046667,0.046232,0.027713,0.144412
0.375021,0.055274,0.061306,0.079993,0.093678,0.064913,0.051426,0.049214,0.030019,0.139157
0.29925,0.051417,0.076319,0.129972,0.161708,0.095722,0.046111,0.029944,0.016819,0.092736
0.317747,0.053916,0.073118,0.119907,0.152602,0.090783,0.044711,0.031978,0.017021,0.098217
0.256387,0.051006,0.074365,0.124183,0.156714,0.10918,0.059362,0.03968,0.022634,0.106488
0.380611,0.047615,0.06921,0.100636,0.127535,0.081927,0.045666,0.031353,0.018006,0.097442
0.254274,0.057538,0.080128,0.12902,0.164853,0.100582,0.052154,0.036339,0.018162,0.10695
0.311931,0.053261,0.071414,0.101466,0.136635,0.089445,0.055353,0.040672,0.023331,0.116492
0.290185,0.037237,0.06245,0.140148,0.227243,0.101253,0.040308,0.023739,0.010918,0.066519
0.408905,0.040857,0.057746,0.119365,0.162063,0.075937,0.032254,0.021365,0.010683,0.070825
0.820316,0.018326,0.013141,0.016296,0.025981,0.015967,0.011797,0.016859,0.011838,0.049479
0.288373,0.058182,0.071181,0.095709,0.130253,0.083289,0.056668,0.046875,0.027956,0.141515
0.413363,0.051143,0.050034,0.076871,0.118779,0.061198,0.037881,0.042511,0.024185,0.124035
0.346252,0.05576,0.058109,0.080933,0.111264,0.075163,0.052849,0.04713,0.031607,0.140931
0.254826,0.060972,0.057272,0.101083,0.183076,0.087087,0.047324,0.05089,0.022308,0.135162
0.712947,0.025768,0.024234,0.031381,0.048789,0.028729,0.021452,0.021654,0.013806,0.07124
0.593636,0.035272,0.033257,0.04591,0.075977,0.040659,0.029365,0.030769,0.017979,0.097176
0.356753,0.058676,0.061881,0.08294,0.121964,0.074702,0.050467,0.043072,0.02491,0.124635
0.335912,0.055616,0.057444,0.085628,0.131457,0.077912,0.048631,0.048936,0.024407,0.134056
0.576468,0.038728,0.034961,0.051755,0.085225,0.04792,0.029419,0.033236,0.017112,0.085175
0.573283,0.0386,0.031597,0.049614,0.088966,0.04647,0.030652,0.033565,0.018094,0.089159
0.334712,0.042705,0.062557,0.124492,0.191959,0.098594,0.036976,0.020216,0.010199,0.07759
0.414558,0.04243,0.051407,0.093185,0.144328,0.083985,0.040265,0.030372,0.014055,0.085415
0.823905,0.012919,0.014799,0.026823,0.04204,0.022855,0.011785,0.010473,0.005669,0.028733
0.559338,0.030924,0.03798,0.069715,0.121488,0.059242,0.028398,0.022724,0.010345,0.059846
0.522709,0.03601,0.038222,0.071265,0.12458,0.062052,0.03139,0.031222,0.013189,0.06936
0.340166,0.057685,0.05818,0.086799,0.125272,0.067736,0.048079,0.046395,0.027332,0.142355
0.513301,0.045064,0.046726,0.057792,0.075077,0.051313,0.038126,0.036148,0.023105,0.113347
0.71441,0.024166,0.027468,0.037373,0.057927,0.031824,0.02026,0.018214,0.009859,0.058501
0.420219,0.054345,0.051777,0.07003,0.108198,0.061449,0.043383,0.04176,0.023853,0.124987
0.362533,0.062218,0.058536,0.074762,0.107254,0.069951,0.048582,0.04903,0.026784,0.14035
0.537914,0.027171,0.041979,0.083755,0.11128,0.057377,0.03309,0.026547,0.013577,0.067311
0.373483,0.064017,0.038893,0.049509,0.074832,0.05356,0.042585,0.057032,0.041687,0.204402
0.520214,0.045151,0.042757,0.052566,0.07283,0.054053,0.040808,0.038611,0.022955,0.110054
0.461272,0.033724,0.04798,0.087052,0.129063,0.081474,0.04146,0.02764,0.015519,0.074816
0.469745,0.037456,0.052374,0.086515,0.106539,0.060852,0.039685,0.033874,0.018842,0.094117
0.429872,0.053556,0.045636,0.061891,0.082046,0.045438,0.040251,0.051715,0.0354,0.154193
0.437888,0.041365,0.048999,0.081716,0.103218,0.064657,0.043931,0.041451,0.022623,0.114152
0.484287,0.037272,0.049867,0.093397,0.141263,0.067699,0.030426,0.023462,0.010632,0.061696
0.396875,0.053259,0.050065,0.072452,0.087975,0.0588,0.046746,0.053709,0.033543,0.146576
0.517389,0.04009,0.042552,0.062707,0.080635,0.046836,0.033731,0.039634,0.023747,0.11268
0.400301,0.048223,0.056964,0.078607,0.111872,0.068878,0.048886,0.043253,0.024605,0.118412
0.420129,0.031012,0.043076,0.0938,0.214412,0.089949,0.030811,0.020075,0.008145,0.048591
0.515577,0.04714,0.0374,0.046273,0.078622,0.043319,0.037096,0.042276,0.026805,0.125492
0.589168,0.033425,0.039844,0.05517,0.087389,0.044584,0.029706,0.026347,0.014094,0.080273
0.485453,0.042982,0.043056,0.061927,0.103862,0.06021,0.039059,0.034844,0.020504,0.108102
0.571042,0.042686,0.035596,0.047919,0.071353,0.043629,0.030159,0.032347,0.019691,0.105577
0.468708,0.04188,0.049858,0.071716,0.107676,0.060383,0.04177,0.034236,0.019057,0.104717
0.530942,0.047882,0.035265,0.044976,0.079652,0.038916,0.032463,0.041232,0.025192,0.12348
0.37345,0.044369,0.059525,0.104984,0.154422,0.084046,0.042431,0.029621,0.016382,0.09077
0.399636,0.05539,0.053461,0.077588,0.106481,0.069403,0.044918,0.042025,0.02589,0.125207
0.455885,0.042654,0.049001,0.077863,0.122515,0.072563,0.037841,0.031896,0.017739,0.092044
0.369538,0.042073,0.056877,0.10226,0.160362,0.083236,0.044486,0.030566,0.016429,0.094173
0.296692,0.042682,0.062682,0.126845,0.198736,0.10539,0.043844,0.026973,0.013525,0.082631
0.452188,0.038735,0.050427,0.082564,0.129607,0.074359,0.040991,0.030068,0.01641,0.08465
0.299571,0.040663,0.064561,0.123918,0.178421,0.100273,0.050975,0.032125,0.017485,0.092008
0.382767,0.045615,0.056623,0.096476,0.140947,0.083038,0.044509,0.031443,0.01848,0.100103
0.345393,0.046921,0.0586,0.09611,0.153261,0.092188,0.04654,0.03432,0.021236,0.105433
0.400086,0.0466,0.05521,0.093975,0.13538,0.077101,0.040797,0.030595,0.016979,0.103276
0.433321,0.046848,0.045972,0.074732,0.119536,0.071396,0.041698,0.035282,0.020875,0.110341
0.328134,0.056935,0.061687,0.099973,0.146062,0.085389,0.044243,0.033297,0.018494,0.125786
0.337102,0.052385,0.056913,0.096767,0.145249,0.087833,0.047686,0.036331,0.019889,0.119845
0.436042,0.051867,0.050598,0.079109,0.112636,0.066134,0.03931,0.032084,0.018247,0.113974
0.328588,0.052329,0.061675,0.104586,0.151013,0.078009,0.043273,0.035749,0.019242,0.125535
0.34263,0.059878,0.068013,0.108447,0.141001,0.079025,0.039442,0.028713,0.015646,0.117205
0.374339,0.055026,0.059043,0.089626,0.122936,0.074739,0.043466,0.036492,0.020443,0.12389
0.310212,0.05291,0.061619,0.109661,0.164423,0.089175,0.044751,0.037513,0.017989,0.111746
0.316305,0.055868,0.062595,0.104438,0.154477,0.090495,0.046083,0.032004,0.017083,0.120651
0.321481,0.05381,0.058492,0.102765,0.156005,0.084312,0.044762,0.034788,0.018519,0.125066
0.594026,0.042056,0.021942,0.032723,0.081039,0.026397,0.019959,0.037624,0.023724,0.120511
0.573367,0.038382,0.031475,0.041498,0.070796,0.037519,0.030856,0.036055,0.023761,0.116291
0.473681,0.051792,0.037144,0.055585,0.087506,0.049574,0.03481,0.051325,0.029674,0.12891
0.528844,0.04995,0.036356,0.044526,0.067561,0.035698,0.029843,0.040918,0.025849,0.140455
0.621795,0.039997,0.026531,0.042802,0.063123,0.03332,0.024127,0.035101,0.01903,0.094173
0.583708,0.037865,0.028288,0.042015,0.099578,0.04074,0.027727,0.037967,0.018558,0.083554
0.557122,0.044424,0.031224,0.041646,0.059837,0.038346,0.029845,0.043964,0.027026,0.126566
0.567985,0.019106,0.028868,0.076154,0.16712,0.057652,0.021823,0.018535,0.006525,0.036232
0.440769,0.058803,0.035256,0.052607,0.082692,0.050513,0.036752,0.055299,0.036581,0.150726
0.534617,0.047173,0.028725,0.045139,0.070006,0.043315,0.031846,0.048295,0.028865,0.122019
0.55749,0.043948,0.030405,0.045218,0.072592,0.042302,0.028991,0.039848,0.025121,0.114085
0.526219,0.048399,0.031463,0.041596,0.064201,0.039966,0.0304,0.041808,0.028557,0.147392
0.650582,0.037352,0.02451,0.030305,0.04302,0.029795,0.022135,0.032399,0.022493,0.107409
0.428897,0.051522,0.04313,0.060825,0.083984,0.057442,0.040073,0.051327,0.032852,0.149948
0.427116,0.053671,0.041104,0.067923,0.113856,0.063856,0.04246,0.047718,0.024107,0.118188
0.37285,0.059957,0.045031,0.069976,0.107923,0.061374,0.042299,0.057326,0.034608,0.148654
0.530951,0.050654,0.031549,0.049805,0.075415,0.045846,0.030292,0.044306,0.025767,0.115416
0.73985,0.026743,0.015959,0.023437,0.050766,0.021474,0.015357,0.023112,0.015017,0.068286
0.507864,0.046484,0.038674,0.053167,0.08548,0.047477,0.03234,0.043156,0.026409,0.118948
0.717381,0.022102,0.01656,0.034489,0.081497,0.026676,0.012987,0.022035,0.010584,0.055689
0.361443,0.041268,0.067002,0.143956,0.193481,0.07815,0.028392,0.016248,0.007626,0.062434
0.345357,0.046893,0.080889,0.154425,0.177773,0.076132,0.027625,0.01726,0.007965,0.06568
0.471777,0.041889,0.055802,0.087436,0.110033,0.068519,0.036943,0.025527,0.014287,0.087787
0.498769,0.036026,0.060514,0.132249,0.139157,0.05675,0.016289,0.011489,0.004666,0.044091
0.481282,0.046929,0.053528,0.076934,0.100141,0.057243,0.033884,0.029067,0.017335,0.103657
0.409104,0.050003,0.062303,0.096758,0.132183,0.068742,0.03721,0.028635,0.01566,0.099401
0.432413,0.03403,0.063398,0.138507,0.180288,0.069498,0.019324,0.011817,0.005855,0.044869
0.37805,0.036698,0.062147,0.138479,0.198527,0.074101,0.027089,0.015529,0.007428,0.061951
0.396841,0.035118,0.063897,0.135789,0.180736,0.076743,0.027903,0.016238,0.007674,0.059059
0.378648,0.042841,0.063682,0.127488,0.16317,0.079367,0.03419,0.021877,0.011705,0.077032
0.481013,0.050475,0.061848,0.08651,0.097095,0.054864,0.030385,0.025607,0.014065,0.098138
0.418215,0.057863,0.062136,0.08547,0.112675,0.061919,0.03713,0.034312,0.018519,0.111761
0.375287,0.040367,0.075287,0.1552,0.18113,0.074658,0.023563,0.012698,0.006253,0.055556
0.337281,0.037909,0.070158,0.168141,0.223348,0.076611,0.020754,0.013429,0.005581,0.046788
0.472711,0.053524,0.052675,0.071862,0.090856,0.053266,0.033796,0.030646,0.018686,0.121978
0.446321,0.037718,0.061826,0.119175,0.154516,0.067901,0.026638,0.016767,0.008258,0.06088
0.55096,0.034487,0.048141,0.082118,0.105086,0.053186,0.027104,0.018668,0.010386,0.069863
0.385182,0.068881,0.065092,0.064623,0.079204,0.054699,0.04352,0.040939,0.028399,0.169459
0.478159,0.056386,0.053042,0.063412,0.088575,0.049596,0.032076,0.029439,0.018833,0.130483
0.447183,0.033683,0.05593,0.13281,0.191852,0.063933,0.018131,0.010823,0.005344,0.040311
0.354006,0.028951,0.058851,0.153951,0.231594,0.088638,0.02392,0.015512,0.005594,0.038982
0.407858,0.047743,0.050419,0.081604,0.134901,0.075976,0.044248,0.040398,0.020786,0.096067
0.356086,0.03856,0.057075,0.119952,0.193348,0.0915,0.039097,0.026578,0.011959,0.065847
0.311631,0.068189,0.05468,0.078615,0.132648,0.066147,0.044863,0.057623,0.029871,0.155733
0.333376,0.055456,0.069303,0.119189,0.159935,0.082157,0.039357,0.030655,0.014187,0.096386
0.379618,0.050633,0.059725,0.092676,0.137551,0.078315,0.042724,0.036332,0.018327,0.104098
0.423087,0.044359,0.048339,0.080212,0.141246,0.072367,0.04219,0.036639,0.017262,0.0943
0.356423,0.032142,0.063209,0.151722,0.217534,0.086105,0.025615,0.017146,0.006397,0.043706
0.343948,0.060665,0.075132,0.112963,0.138757,0.078836,0.039484,0.037401,0.015476,0.097338
0.379563,0.029805,0.064294,0.180467,0.224216,0.065003,0.015262,0.010622,0.002581,0.028188
0.327363,0.061708,0.056551,0.074444,0.119701,0.072222,0.051542,0.053383,0.030464,0.15262
0.354006,0.028951,0.058851,0.153951,0.231594,0.088638,0.02392,0.015512,0.005594,0.038982
0.418002,0.066386,0.038339,0.043053,0.074635,0.045129,0.040808,0.060258,0.037228,0.176162
0.374878,0.064795,0.055515,0.070074,0.092308,0.065861,0.048834,0.051921,0.030824,0.144991
0.515921,0.055172,0.04813,0.067367,0.085972,0.046409,0.030033,0.030024,0.017481,0.103489
0.343186,0.063034,0.059024,0.08121,0.122626,0.069537,0.047035,0.049343,0.026696,0.138309
0.401055,0.048308,0.056788,0.089975,0.139348,0.075647,0.042502,0.035735,0.017356,0.093285
0.39482,0.040685,0.058584,0.107508,0.150491,0.086007,0.040236,0.028885,0.013649,0.079135
0.470669,0.065269,0.050486,0.057152,0.068228,0.047908,0.034268,0.034297,0.021302,0.150419
0.431158,0.057555,0.052734,0.077923,0.098263,0.058966,0.04042,0.033969,0.020779,0.128233
0.492915,0.06485,0.046261,0.044543,0.052025,0.044952,0.036721,0.038405,0.024995,0.154333
0.658942,0.038254,0.034656,0.036984,0.042222,0.031958,0.026772,0.024286,0.015397,0.090529
0.328743,0.087795,0.066238,0.064532,0.076051,0.060575,0.045914,0.044766,0.029161,0.196225
0.435864,0.054254,0.05915,0.093834,0.125309,0.062229,0.030921,0.023758,0.013412,0.101268
0.395346,0.043639,0.060853,0.113027,0.154557,0.081948,0.036538,0.024783,0.011643,0.077665
0.422656,0.038283,0.058815,0.117861,0.15401,0.080885,0.033204,0.019291,0.009066,0.065929
0.303583,0.060108,0.074835,0.110956,0.130518,0.093664,0.052018,0.034655,0.019209,0.120455
0.386937,0.057436,0.06141,0.075328,0.09302,0.075598,0.051724,0.039373,0.024459,0.134715
0.299705,0.065752,0.069691,0.087567,0.103727,0.085668,0.056976,0.045387,0.028298,0.157229
0.439135,0.037139,0.061383,0.108279,0.13763,0.08977,0.033626,0.018346,0.009533,0.06516
0.460035,0.04721,0.05538,0.076538,0.099177,0.064233,0.041477,0.032702,0.018944,0.104306
0.452135,0.030872,0.052896,0.115362,0.170974,0.080139,0.025986,0.015692,0.007367,0.048578
0.414949,0.057335,0.061878,0.097334,0.136798,0.066122,0.032208,0.023596,0.011089,0.098691
0.374017,0.053791,0.063912,0.104986,0.150786,0.072179,0.037155,0.027488,0.013901,0.101785
0.485051,0.049991,0.047166,0.075272,0.11738,0.045796,0.028444,0.031025,0.014696,0.10518
0.424133,0.047179,0.058524,0.092496,0.136117,0.069848,0.037758,0.027809,0.013517,0.09262
0.50064,0.046248,0.045883,0.068152,0.095878,0.054785,0.03467,0.03313,0.017922,0.102692
0.420148,0.057091,0.053481,0.074883,0.105169,0.057911,0.038373,0.038549,0.022515,0.13188
0.393819,0.059462,0.054142,0.079661,0.118556,0.05816,0.038829,0.04071,0.023148,0.133514
0.373514,0.059531,0.059961,0.070886,0.091088,0.066077,0.048669,0.045696,0.030196,0.154381
0.433679,0.059002,0.058993,0.076599,0.097537,0.057531,0.036585,0.034193,0.021398,0.124482
0.445558,0.057254,0.052816,0.078603,0.116626,0.055428,0.031631,0.027632,0.015359,0.119092
0.642166,0.044404,0.026356,0.027953,0.033788,0.022654,0.019423,0.036086,0.025802,0.121367
0.490813,0.027896,0.044235,0.123953,0.188004,0.057413,0.017208,0.011992,0.003892,0.034594
0.343225,0.058744,0.065012,0.087428,0.120229,0.072271,0.046643,0.04465,0.025737,0.136063
0.47968,0.023824,0.043349,0.117781,0.191043,0.070162,0.020592,0.011522,0.004749,0.037297
0.433031,0.061158,0.039029,0.056324,0.102201,0.046157,0.032809,0.04972,0.031179,0.148393
0.38147,0.057607,0.060797,0.074686,0.094584,0.068469,0.049546,0.043835,0.026278,0.142729
0.253405,0.067712,0.067279,0.077733,0.101897,0.074089,0.061201,0.061246,0.040845,0.194594
0.361357,0.059838,0.05922,0.09098,0.15351,0.064294,0.035052,0.038152,0.01934,0.118258
0.394653,0.046719,0.058501,0.084855,0.11336,0.073112,0.048182,0.039413,0.024596,0.11661
0.339647,0.066743,0.051498,0.058977,0.071224,0.053808,0.049114,0.061223,0.044283,0.203481
0.467991,0.033837,0.054065,0.099633,0.140379,0.075447,0.032986,0.021318,0.010431,0.063913
0.378215,0.061725,0.052815,0.067618,0.08782,0.06066,0.04601,0.049413,0.032121,0.163604
0.469904,0.031018,0.050783,0.098419,0.146309,0.074551,0.034454,0.021931,0.010255,0.062375
0.418469,0.04846,0.054514,0.072508,0.094649,0.07058,0.049044,0.039468,0.025611,0.126698
0.31745,0.026811,0.05798,0.140857,0.229039,0.112868,0.034261,0.019801,0.008908,0.052024
0.463839,0.022272,0.048032,0.115334,0.166557,0.085195,0.031391,0.016798,0.008039,0.042543
0.368412,0.030775,0.059329,0.133379,0.202906,0.093942,0.032429,0.017544,0.007648,0.053637
0.518713,0.040917,0.032209,0.042882,0.114236,0.085855,0.038121,0.025384,0.012482,0.0892
0.685918,0.031139,0.022067,0.02373,0.050311,0.051279,0.027452,0.02051,0.012389,0.075203
0.656317,0.033066,0.02322,0.024815,0.052171,0.062603,0.032953,0.021955,0.014198,0.078704
0.699632,0.028214,0.02129,0.024409,0.042275,0.044446,0.027147,0.021439,0.013801,0.077347
0.623322,0.037429,0.022139,0.025668,0.052321,0.05796,0.034783,0.029853,0.019268,0.097257
0.608451,0.036817,0.04169,0.088677,0.094609,0.041808,0.017396,0.015278,0.007815,0.047458
0.655021,0.027861,0.031113,0.044029,0.071522,0.050962,0.026674,0.021273,0.010802,0.060743
0.656243,0.02857,0.024163,0.03455,0.086482,0.054727,0.025682,0.020661,0.00898,0.059943
0.545455,0.038364,0.038672,0.052075,0.098323,0.078056,0.035386,0.025317,0.014116,0.074236
0.525352,0.042963,0.033226,0.043524,0.098519,0.084612,0.038232,0.02822,0.015759,0.089594
0.534951,0.041538,0.048008,0.069081,0.097058,0.073992,0.031247,0.021847,0.012436,0.069843
0.613848,0.035855,0.024233,0.02617,0.065853,0.074283,0.035048,0.025017,0.014744,0.084949
0.586828,0.036751,0.037946,0.061034,0.087933,0.056006,0.026448,0.022276,0.012964,0.071812
0.601059,0.0375,0.027309,0.040434,0.077031,0.050226,0.02901,0.031701,0.016285,0.089444
0.549516,0.04995,0.044676,0.064429,0.087346,0.047282,0.02755,0.023207,0.012555,0.093489
0.577551,0.03354,0.03903,0.062432,0.098648,0.057157,0.028442,0.022171,0.012502,0.068526
0.545674,0.039106,0.035619,0.04741,0.103935,0.061603,0.034057,0.031134,0.015234,0.086227
0.566438,0.035975,0.031165,0.059464,0.099788,0.06243,0.028379,0.026335,0.014991,0.075036
0.63314,0.060185,0.033448,0.039816,0.042064,0.04289,0.025229,0.021735,0.016017,0.085477
0.386207,0.050852,0.040711,0.057429,0.141773,0.095716,0.049658,0.041446,0.019033,0.117174
0.50737,0.041565,0.058435,0.096657,0.11163,0.058963,0.026926,0.020981,0.010093,0.06738
0.489785,0.041063,0.050033,0.075898,0.10506,0.063418,0.03588,0.029778,0.017084,0.092001
0.589351,0.033666,0.044658,0.068107,0.08765,0.049233,0.026394,0.020517,0.012282,0.068142
0.629509,0.042787,0.02848,0.029249,0.041183,0.025841,0.025499,0.033018,0.024844,0.119589
0.593542,0.03774,0.035689,0.044528,0.064866,0.037762,0.028901,0.028785,0.019105,0.109082
0.673546,0.036794,0.023409,0.023939,0.037384,0.022471,0.021715,0.0312,0.022601,0.106942
0.61199,0.038307,0.035541,0.041572,0.058998,0.035161,0.028146,0.031695,0.021011,0.097578
0.482521,0.052111,0.045961,0.063216,0.091597,0.050512,0.032273,0.034935,0.020979,0.125895
0.524574,0.053051,0.032609,0.03284,0.043883,0.032618,0.031636,0.047397,0.037238,0.164153
0.477013,0.040705,0.053345,0.068602,0.090812,0.056822,0.040167,0.036499,0.020765,0.115269
0.502519,0.057481,0.032783,0.034921,0.050201,0.02964,0.027323,0.047598,0.036265,0.18127
0.447949,0.037048,0.059617,0.115398,0.155296,0.073099,0.027799,0.017029,0.007898,0.058867
0.496065,0.052549,0.044947,0.055366,0.071585,0.045372,0.034909,0.035647,0.024581,0.138978
0.667917,0.035994,0.02709,0.033882,0.047182,0.028374,0.021748,0.026237,0.016986,0.094589
0.523795,0.061718,0.040885,0.039049,0.0503,0.030583,0.027455,0.038758,0.026881,0.160577
0.516698,0.058286,0.029558,0.029232,0.040193,0.025146,0.025582,0.049116,0.039461,0.186728
0.59851,0.043611,0.031423,0.0325,0.044672,0.031582,0.029773,0.036785,0.025185,0.12596
0.354338,0.029407,0.065158,0.140689,0.201046,0.101166,0.031121,0.015947,0.008145,0.052984
0.544511,0.051832,0.036812,0.035385,0.040239,0.028909,0.028612,0.042398,0.032643,0.15866
0.60317,0.028221,0.036904,0.061104,0.095417,0.052764,0.02945,0.021332,0.012028,0.059609
0.584184,0.044265,0.030905,0.04143,0.060629,0.032757,0.025274,0.033078,0.02244,0.125038
0.443747,0.055985,0.051212,0.064189,0.078865,0.056664,0.038235,0.043132,0.027027,0.140945
0.412946,0.049125,0.060825,0.093434,0.116801,0.072357,0.041128,0.034545,0.019175,0.099663
0.49475,0.046056,0.041792,0.054653,0.078986,0.049528,0.036125,0.042319,0.026194,0.129597
0.512889,0.048704,0.040951,0.049679,0.067914,0.042198,0.034296,0.04321,0.027272,0.132889
0.489734,0.048495,0.046033,0.054085,0.068175,0.055943,0.043091,0.04114,0.026957,0.126347
0.396919,0.046594,0.061648,0.084619,0.117073,0.074316,0.048178,0.038527,0.021369,0.110757
0.336985,0.043224,0.069481,0.122935,0.160668,0.104648,0.043833,0.023822,0.013215,0.081189
0.502344,0.029132,0.048224,0.087969,0.131804,0.076392,0.036021,0.02012,0.010496,0.057496
0.50019,0.034502,0.055646,0.103686,0.133598,0.063923,0.026124,0.015182,0.007856,0.059293
0.458852,0.046406,0.050804,0.062795,0.085904,0.057819,0.045263,0.042398,0.027471,0.122288
0.402467,0.062518,0.045906,0.049159,0.064602,0.04735,0.042599,0.054642,0.041831,0.188925
0.448224,0.05607,0.052115,0.060729,0.082479,0.049641,0.040072,0.041993,0.028468,0.140207
0.408001,0.045002,0.056789,0.075094,0.101273,0.076952,0.053789,0.037661,0.024031,0.121406
0.447503,0.062169,0.042659,0.044037,0.05878,0.036403,0.034171,0.050926,0.038346,0.185006
0.522528,0.048917,0.038985,0.04681,0.065071,0.040373,0.033735,0.040689,0.027134,0.135759
0.245501,0.080399,0.060576,0.061718,0.082372,0.057984,0.056305,0.071515,0.051806,0.231824
0.486877,0.05494,0.035465,0.045435,0.066426,0.038438,0.02958,0.045571,0.03533,0.161937
0.437712,0.060556,0.042725,0.047857,0.067804,0.048056,0.041508,0.049788,0.036257,0.167738
0.388452,0.047718,0.05631,0.089147,0.12494,0.077857,0.045437,0.038036,0.021706,0.110397
0.497104,0.045367,0.04467,0.052553,0.069096,0.052847,0.043973,0.041439,0.027429,0.125523
0.452866,0.046509,0.052576,0.076043,0.112681,0.071506,0.041188,0.033246,0.018572,0.094814
0.446656,0.049069,0.049429,0.061746,0.08655,0.067079,0.048138,0.044561,0.027471,0.119302
0.496763,0.049244,0.04325,0.056291,0.081536,0.054851,0.038685,0.038154,0.020588,0.120639
0.474727,0.035419,0.057212,0.104298,0.123558,0.064454,0.031277,0.024659,0.012008,0.072388
0.392416,0.030396,0.05353,0.113701,0.168045,0.095927,0.042976,0.026855,0.012869,0.063285
0.366698,0.041486,0.054893,0.091767,0.150511,0.093386,0.046712,0.035773,0.020007,0.098768
0.33845,0.057468,0.06222,0.100292,0.138925,0.075183,0.042544,0.044846,0.022502,0.117568
0.416644,0.04677,0.066949,0.110932,0.137848,0.075589,0.033777,0.025651,0.011404,0.074436
0.466366,0.045235,0.053589,0.077668,0.106917,0.064536,0.037742,0.034914,0.015977,0.097057
0.354583,0.064132,0.051123,0.06059,0.090417,0.071516,0.05375,0.054803,0.035023,0.164062
0.498252,0.042257,0.041559,0.060049,0.095935,0.058205,0.037344,0.038932,0.021868,0.105598
0.329204,0.050738,0.059209,0.089077,0.153791,0.085023,0.051051,0.043694,0.023599,0.114615
0.50376,0.035738,0.053362,0.089143,0.121392,0.069275,0.031716,0.020994,0.009993,0.064626
0.421571,0.042385,0.060819,0.099572,0.134548,0.077686,0.039316,0.028512,0.014827,0.080763
0.383695,0.050249,0.05787,0.085493,0.13134,0.079353,0.043924,0.037743,0.021062,0.10927
0.408388,0.051378,0.052176,0.072492,0.114852,0.074049,0.04611,0.039825,0.02156,0.119171
0.465272,0.051969,0.044001,0.056351,0.086188,0.048595,0.037582,0.047067,0.029879,0.133096
0.41117,0.037859,0.053978,0.102928,0.151434,0.078749,0.040373,0.03325,0.014443,0.075816
0.405484,0.051626,0.054903,0.073326,0.104606,0.068447,0.045608,0.045358,0.025867,0.124774
0.416667,0.039489,0.058114,0.101474,0.147191,0.0844,0.03834,0.02686,0.012934,0.074532
0.487401,0.035516,0.043707,0.071273,0.120082,0.082313,0.042071,0.027566,0.015766,0.074305
0.438218,0.048914,0.044844,0.059004,0.089416,0.070738,0.048340,0.045035,0.027586,0.127905
0.384333,0.043250,0.058194,0.095667,0.147222,0.080972,0.046861,0.037361,0.017611,0.088528
0.396635,0.061966,0.048522,0.055496,0.072427,0.053894,0.047587,0.059369,0.038239,0.165865
0.451887,0.041082,0.047964,0.077248,0.119549,0.069668,0.043260,0.036004,0.019962,0.093377
0.475782,0.049860,0.045647,0.057901,0.084851,0.055556,0.042157,0.044795,0.025117,0.118336
0.448568,0.041930,0.050549,0.081737,0.121900,0.076187,0.041791,0.032087,0.017935,0.087317
0.441281,0.049628,0.051398,0.066452,0.092094,0.059405,0.043928,0.044534,0.026304,0.124977
0.443933,0.052439,0.046171,0.059287,0.093753,0.054498,0.042133,0.048298,0.027675,0.131814
0.337240,0.059659,0.056029,0.076402,0.115254,0.067064,0.050505,0.055542,0.033249,0.149056
0.437627,0.047562,0.055176,0.095938,0.120171,0.058359,0.034523,0.037996,0.017614,0.095034
0.520799,0.019223,0.035807,0.109946,0.171921,0.073316,0.021781,0.014746,0.004946,0.027515
0.385789,0.031291,0.051463,0.128582,0.201871,0.088239,0.032256,0.023575,0.007923,0.049011
0.460017,0.043521,0.049788,0.078704,0.112795,0.063393,0.039858,0.037390,0.019747,0.094788
0.452353,0.045011,0.047335,0.076282,0.105722,0.063711,0.042284,0.039738,0.022726,0.104839
0.462619,0.033669,0.046129,0.096628,0.140182,0.073897,0.037214,0.029227,0.013368,0.067067
0.411834,0.069172,0.034735,0.034398,0.047769,0.030861,0.033906,0.066996,0.049220,0.221108
0.434048,0.042156,0.058369,0.104452,0.140737,0.073318,0.034315,0.024747,0.012353,0.075506
0.414607,0.029627,0.050328,0.125919,0.184410,0.084563,0.031699,0.021575,0.009481,0.047792
0.450254,0.049700,0.049099,0.066222,0.090005,0.058347,0.040974,0.044458,0.027846,0.123094
0.440948,0.035853,0.047175,0.085359,0.148810,0.076548,0.042943,0.031371,0.015387,0.075605
0.398341,0.060648,0.039378,0.050759,0.074884,0.048650,0.040535,0.057022,0.039352,0.190432
0.408298,0.049578,0.049944,0.076062,0.114613,0.060675,0.041322,0.044065,0.027637,0.127806
0.434414,0.052192,0.049209,0.074977,0.118006,0.064140,0.038584,0.039680,0.021568,0.107230
0.421362,0.055820,0.046548,0.057513,0.080556,0.051786,0.042460,0.051151,0.034987,0.157817
0.431891,0.057327,0.041062,0.048105,0.079692,0.046418,0.040275,0.054248,0.035538,0.165444
0.325430,0.035863,0.052166,0.118452,0.207540,0.086789,0.042923,0.031696,0.016088,0.083052
0.436610,0.054348,0.045491,0.059674,0.091648,0.052304,0.041342,0.050090,0.030317,0.138177
0.400854,0.040810,0.049994,0.099763,0.158565,0.082672,0.042328,0.028078,0.014265,0.082672
0.408125,0.037347,0.048569,0.102472,0.166833,0.070819,0.039208,0.032153,0.015375,0.079097
0.281944,0.054356,0.062626,0.102462,0.155240,0.081250,0.052683,0.049211,0.027715,0.132513
0.462887,0.041827,0.046100,0.073130,0.115064,0.060590,0.039022,0.036872,0.020860,0.103646
0.349428,0.049728,0.057571,0.089760,0.139025,0.074755,0.048720,0.046160,0.025545,0.119308
0.435317,0.034449,0.041605,0.091431,0.158879,0.066580,0.034214,0.034288,0.017312,0.085925
0.333700,0.058559,0.053021,0.080491,0.124648,0.070748,0.049007,0.049212,0.029829,0.150785
0.448144,0.023815,0.040326,0.107364,0.193283,0.070606,0.032088,0.022809,0.011195,0.050371
0.281495,0.066332,0.059252,0.076462,0.109503,0.070363,0.052799,0.058354,0.037135,0.188304
0.423896,0.047564,0.044206,0.075438,0.111458,0.054890,0.038420,0.044691,0.026543,0.132895
0.228163,0.061333,0.067896,0.100489,0.148681,0.093200,0.064074,0.055526,0.030756,0.149881
0.394001,0.027275,0.045654,0.111722,0.199533,0.083944,0.038063,0.022450,0.011243,0.066116
0.292041,0.038756,0.064645,0.110464,0.168590,0.123706,0.059641,0.030688,0.017957,0.093512
0.288570,0.075839,0.062728,0.074807,0.088240,0.061575,0.049536,0.062111,0.037243,0.199351
0.197835,0.076087,0.082373,0.119085,0.177815,0.115121,0.051824,0.033878,0.020051,0.125929
0.332526,0.039603,0.061177,0.105251,0.161296,0.111336,0.051918,0.033611,0.018638,0.084643
0.362410,0.046148,0.068821,0.116688,0.163859,0.084527,0.038314,0.027109,0.012150,0.079974
0.382262,0.069228,0.068128,0.086693,0.097934,0.075050,0.044903,0.038028,0.020315,0.117459
0.396910,0.050828,0.063051,0.102407,0.152602,0.073012,0.035400,0.027339,0.013928,0.084522
0.394309,0.053152,0.051738,0.071103,0.110744,0.083778,0.048656,0.040532,0.023115,0.122874
0.452603,0.039359,0.047083,0.071873,0.133811,0.086876,0.042004,0.026557,0.015096,0.084739
0.451350,0.042007,0.040311,0.064062,0.125926,0.084970,0.041398,0.037061,0.019044,0.093871
0.444557,0.058256,0.066334,0.095759,0.107888,0.065377,0.033798,0.026636,0.013198,0.088196
0.435855,0.055399,0.045296,0.050517,0.068531,0.052762,0.044826,0.052057,0.033887,0.160871
0.447637,0.047110,0.050358,0.065939,0.099944,0.081160,0.046785,0.034487,0.020542,0.106037
0.389547,0.038850,0.043663,0.077301,0.165318,0.099402,0.046717,0.031188,0.016652,0.091362
0.411091,0.042056,0.048377,0.074953,0.139167,0.090478,0.044994,0.031851,0.018774,0.098257
0.424890,0.039394,0.055670,0.088530,0.148141,0.087971,0.040719,0.023997,0.012872,0.077817
0.385378,0.050439,0.048663,0.067695,0.118604,0.093959,0.050439,0.039526,0.023300,0.121998
0.399144,0.055580,0.062288,0.082786,0.106394,0.066955,0.045089,0.036614,0.021916,0.123233
0.259545,0.065146,0.063687,0.085302,0.135402,0.100815,0.061598,0.047559,0.028740,0.152207
0.519920,0.043235,0.047160,0.061920,0.092024,0.063421,0.037196,0.027694,0.016382,0.091047
0.262831,0.063948,0.068256,0.094214,0.130886,0.080325,0.057598,0.057227,0.033812,0.150902
0.473452,0.048550,0.051721,0.063644,0.107121,0.096183,0.039408,0.022168,0.013952,0.083802
0.375391,0.057015,0.062056,0.093581,0.118620,0.064674,0.043713,0.035181,0.020901,0.128867
0.336569,0.042806,0.044890,0.137349,0.150396,0.074855,0.052268,0.035881,0.017979,0.107008
0.420679,0.050827,0.060202,0.084869,0.102002,0.059588,0.042700,0.034799,0.021043,0.123291
0.585393,0.024891,0.044783,0.077593,0.109018,0.069208,0.024051,0.012426,0.006134,0.046502
0.361310,0.069698,0.059777,0.061883,0.079575,0.082044,0.054409,0.042504,0.026687,0.162114
0.376645,0.069901,0.054524,0.060646,0.095225,0.075710,0.045204,0.040622,0.023810,0.157712
0.347583,0.074715,0.038889,0.039294,0.058213,0.071652,0.059429,0.056111,0.037988,0.216126
0.406296,0.063931,0.044958,0.071386,0.086989,0.068817,0.047634,0.041708,0.028268,0.140012
0.575415,0.048372,0.030736,0.031599,0.044597,0.044266,0.033602,0.036376,0.025619,0.129418
0.436362,0.062851,0.038747,0.043392,0.068323,0.061959,0.050189,0.043773,0.028998,0.165407
0.494655,0.058119,0.032230,0.027047,0.030759,0.025091,0.030559,0.054312,0.043575,0.203653
0.611440,0.041399,0.028827,0.038004,0.058285,0.050905,0.025761,0.025919,0.016811,0.102647
0.306823,0.066610,0.066382,0.074715,0.103818,0.088561,0.056937,0.050128,0.031937,0.154088
0.471272,0.060494,0.053397,0.066993,0.091697,0.063521,0.035684,0.029573,0.015473,0.111897
0.506176,0.062279,0.035802,0.040546,0.056288,0.030292,0.027504,0.044230,0.032041,0.164841
0.472647,0.060218,0.039880,0.044662,0.068268,0.050338,0.044129,0.041895,0.029586,0.148377
0.507535,0.053611,0.036966,0.041612,0.056807,0.040478,0.035415,0.042588,0.030274,0.154715
0.450319,0.039323,0.053368,0.084920,0.131450,0.091714,0.037824,0.023512,0.012821,0.074750
